<?xml version="1.0" encoding="UTF-8"?>
<project-private xmlns="http://www.netbeans.org/ns/project-private/1">
    <editor-bookmarks xmlns="http://www.netbeans.org/ns/editor-bookmarks/2" lastBookmarkId="0"/>
    <open-files xmlns="http://www.netbeans.org/ns/projectui-open-files/2">
        <group>
            <file>file:/C:/Users/otavi/Documents/NetBeansProjects/Better-Launcher/src/db/daos/Dao.java</file>
            <file>file:/C:/Users/otavi/Documents/NetBeansProjects/Better-Launcher/src/db/helper/cons/InfoSoftware.java</file>
            <file>file:/C:/Users/otavi/Documents/NetBeansProjects/Better-Launcher/src/main/BetterLauncher.java</file>
            <file>file:/C:/Users/otavi/Documents/NetBeansProjects/Better-Launcher/src/classes/javaFx/AppFx.java</file>
            <file>file:/C:/Users/otavi/Documents/NetBeansProjects/Better-Launcher/src/db/helper/cons/Categories.java</file>
            <file>file:/C:/Users/otavi/Documents/NetBeansProjects/Better-Launcher/src/classes/java/Category.java</file>
            <file>file:/C:/Users/otavi/Documents/NetBeansProjects/Better-Launcher/src/controllers/MainScreenController.java</file>
            <file>file:/C:/Users/otavi/Documents/NetBeansProjects/Better-Launcher/src/classes/java/App.java</file>
            <file>file:/C:/Users/otavi/Documents/NetBeansProjects/Better-Launcher/src/db/daos/CategoryDao.java</file>
            <file>file:/C:/Users/otavi/Documents/NetBeansProjects/Better-Launcher/src/classes/javaFx/PropertiesPane.java</file>
            <file>file:/C:/Users/otavi/Documents/NetBeansProjects/Better-Launcher/src/db/daos/AppDao.java</file>
            <file>file:/C:/Users/otavi/Documents/NetBeansProjects/Better-Launcher/src/db/helper/cons/CategorySoftware.java</file>
            <file>file:/C:/Users/otavi/Documents/NetBeansProjects/Better-Launcher/src/classes/helper/Filter.java</file>
            <file>file:/C:/Users/otavi/Documents/NetBeansProjects/Better-Launcher/src/classes/javaFx/FilePicker.java</file>
            <file>file:/C:/Users/otavi/Documents/NetBeansProjects/Better-Launcher/src/classes/javaFx/CategoryFx.java</file>
        </group>
    </open-files>
</project-private>
